Algorithm,NumShards,CV%,StdDev,Mean,MinPercent,MaxPercent,Delta,DeltaPercent,TotalKeys
MURMUR3,3,1.9311,6437.03,333333.33,32.7045,34.2178,15133,1.5133,1000000
MURMUR3,4,4.4322,11080.49,250000.00,23.4113,26.5437,31324,3.1324,1000000
MURMUR3,5,4.2467,8493.46,200000.00,18.5105,20.8741,23636,2.3636,1000000
MURMUR3,6,3.7904,6317.39,166666.67,15.8764,17.7320,18556,1.8556,1000000
MURMUR3,7,2.4324,3474.81,142857.14,13.8054,14.8200,10146,1.0146,1000000
MURMUR3,8,2.8453,3556.62,125000.00,11.8776,13.1006,12230,1.2230,1000000
MURMUR3,9,2.8222,3135.77,111111.11,10.5368,11.5720,10352,1.0352,1000000
MURMUR3,10,2.3645,2364.47,100000.00,9.7839,10.6066,8227,0.8227,1000000
MURMUR3,11,3.8162,3469.25,90909.09,8.6661,9.9029,12368,1.2368,1000000
MURMUR3,12,3.4463,2871.94,83333.33,8.0725,9.1370,10645,1.0645,1000000
MURMUR3,13,3.5947,2765.14,76923.08,7.3370,8.4834,11464,1.1464,1000000
MURMUR3,14,5.4205,3871.82,71428.57,6.5143,8.1368,16225,1.6225,1000000
MURMUR3,15,5.4278,3618.51,66666.67,6.1321,7.5919,14598,1.4598,1000000
MURMUR3,16,6.4845,4052.83,62500.00,5.6589,6.9510,12921,1.2921,1000000
MURMUR3,17,6.1806,3635.65,58823.53,5.3165,6.5744,12579,1.2579,1000000
MURMUR3,18,6.9524,3862.43,55555.56,4.9192,6.2900,13708,1.3708,1000000
MURMUR3,19,6.2048,3265.70,52631.58,4.7344,5.9131,11787,1.1787,1000000
MURMUR3,20,6.3790,3189.48,50000.00,4.4454,5.6866,12412,1.2412,1000000
MURMUR3,21,5.6246,2678.37,47619.05,4.2505,5.2990,10485,1.0485,1000000
MURMUR3,22,5.9817,2718.97,45454.55,4.0113,5.0077,9964,0.9964,1000000
MURMUR3,23,5.6197,2443.34,43478.26,3.8075,4.7076,9001,0.9001,1000000
MURMUR3,24,5.3144,2214.34,41666.67,3.6205,4.5123,8918,0.8918,1000000
MURMUR3,25,5.5349,2213.95,40000.00,3.4144,4.3080,8936,0.8936,1000000
MURMUR3,26,5.6819,2185.34,38461.54,3.2261,4.1711,9450,0.9450,1000000
MURMUR3,27,5.4607,2022.49,37037.04,3.0993,4.0977,9984,0.9984,1000000
MURMUR3,28,5.3956,1926.99,35714.29,3.0379,4.0098,9719,0.9719,1000000
MURMUR3,29,5.5558,1915.78,34482.76,2.9628,3.7767,8139,0.8139,1000000
MURMUR3,30,5.7107,1903.57,33333.33,2.8720,3.7125,8405,0.8405,1000000
MURMUR3,31,6.1077,1970.23,32258.06,2.8409,3.6433,8024,0.8024,1000000
MURMUR3,32,5.8923,1841.36,31250.00,2.7811,3.5358,7547,0.7547,1000000
MURMUR3,33,5.8091,1760.34,30303.03,2.6988,3.4741,7753,0.7753,1000000
MURMUR3,34,6.1729,1815.57,29411.76,2.5888,3.4339,8451,0.8451,1000000
MURMUR3,35,6.3565,1816.15,28571.43,2.5779,3.4157,8378,0.8378,1000000
MURMUR3,36,6.7982,1888.39,27777.78,2.5220,3.3425,8205,0.8205,1000000
MURMUR3,37,6.5032,1757.63,27027.03,2.3875,3.2371,8496,0.8496,1000000
MURMUR3,38,6.3044,1659.05,26315.79,2.3423,3.0932,7509,0.7509,1000000
MURMUR3,39,6.3266,1622.22,25641.03,2.2654,2.9771,7117,0.7117,1000000
MURMUR3,40,6.1816,1545.39,25000.00,2.2329,2.9281,6952,0.6952,1000000
MURMUR3,41,6.2331,1520.26,24390.24,2.1791,2.8311,6520,0.6520,1000000
MURMUR3,42,6.2376,1485.15,23809.52,2.1336,2.7433,6097,0.6097,1000000
MURMUR3,43,6.3277,1471.55,23255.81,2.0713,2.6678,5965,0.5965,1000000
MURMUR3,44,6.2808,1427.46,22727.27,2.0338,2.6620,6282,0.6282,1000000
MURMUR3,45,6.2961,1399.12,22222.22,1.9283,2.5721,6438,0.6438,1000000
MURMUR3,46,6.2133,1350.73,21739.13,1.8872,2.5128,6256,0.6256,1000000
MURMUR3,47,6.3612,1353.45,21276.60,1.8549,2.4887,6338,0.6338,1000000
MURMUR3,48,6.3282,1318.37,20833.33,1.8283,2.4496,6213,0.6213,1000000
MURMUR3,49,6.2338,1272.20,20408.16,1.8086,2.4087,6001,0.6001,1000000
MURMUR3,50,6.3234,1264.67,20000.00,1.7949,2.3935,5986,0.5986,1000000
MURMUR3,51,6.4652,1267.69,19607.84,1.7640,2.3204,5564,0.5564,1000000
MURMUR3,52,6.3319,1217.67,19230.77,1.7297,2.2459,5162,0.5162,1000000
MURMUR3,53,6.0528,1142.03,18867.92,1.6839,2.1677,4838,0.4838,1000000
MURMUR3,54,6.0953,1128.76,18518.52,1.6673,2.1616,4943,0.4943,1000000
MURMUR3,55,6.3793,1159.87,18181.82,1.5815,2.1241,5426,0.5426,1000000
MURMUR3,56,6.5618,1171.75,17857.14,1.5713,2.1227,5514,0.5514,1000000
MURMUR3,57,6.4978,1139.97,17543.86,1.5358,2.0540,5182,0.5182,1000000
MURMUR3,58,6.2735,1081.64,17241.38,1.5358,2.0097,4739,0.4739,1000000
MURMUR3,59,6.3542,1076.98,16949.15,1.5054,1.9809,4755,0.4755,1000000
MURMUR3,60,6.2560,1042.67,16666.67,1.4883,1.9514,4631,0.4631,1000000
MURMUR3,61,6.3708,1044.39,16393.44,1.4514,1.9466,4952,0.4952,1000000
MURMUR3,62,6.2592,1009.55,16129.03,1.4222,1.9248,5026,0.5026,1000000
MURMUR3,63,6.3093,1001.47,15873.02,1.4139,1.8808,4669,0.4669,1000000
MURMUR3,64,6.3641,994.39,15625.00,1.3707,1.8483,4776,0.4776,1000000
MURMUR3,65,6.2054,954.68,15384.62,1.3653,1.7870,4217,0.4217,1000000
MURMUR3,66,5.9962,908.52,15151.52,1.3534,1.7088,3554,0.3554,1000000
MURMUR3,67,5.9363,886.01,14925.37,1.3304,1.6691,3387,0.3387,1000000
MURMUR3,68,6.0133,884.30,14705.88,1.3157,1.6569,3412,0.3412,1000000
MURMUR3,69,6.5216,945.16,14492.75,1.2205,1.6492,4287,0.4287,1000000
MURMUR3,70,6.6285,946.93,14285.71,1.2205,1.6369,4164,0.4164,1000000
MURMUR3,71,6.8804,969.07,14084.51,1.1962,1.6180,4218,0.4218,1000000
MURMUR3,72,6.6691,926.26,13888.89,1.1858,1.5885,4027,0.4027,1000000
MURMUR3,73,6.5254,893.89,13698.63,1.1765,1.5509,3744,0.3744,1000000
MURMUR3,74,6.3463,857.61,13513.51,1.1356,1.5227,3871,0.3871,1000000
MURMUR3,75,6.3690,849.20,13333.33,1.1280,1.5209,3929,0.3929,1000000
MURMUR3,76,6.1936,814.95,13157.89,1.1226,1.5195,3969,0.3969,1000000
MURMUR3,77,6.1805,802.66,12987.01,1.0950,1.4932,3982,0.3982,1000000
MURMUR3,78,6.2425,800.32,12820.51,1.0858,1.4833,3975,0.3975,1000000
MURMUR3,79,6.2649,793.03,12658.23,1.0699,1.4765,4066,0.4066,1000000
MURMUR3,80,6.2368,779.61,12500.00,1.0512,1.4506,3994,0.3994,1000000
MURMUR3,81,6.4073,791.02,12345.68,1.0395,1.4360,3965,0.3965,1000000
MURMUR3,82,6.3572,775.27,12195.12,1.0282,1.3960,3678,0.3678,1000000
MURMUR3,83,6.4166,773.08,12048.19,1.0054,1.3855,3801,0.3801,1000000
MURMUR3,84,6.3164,751.95,11904.76,1.0051,1.3680,3629,0.3629,1000000
MURMUR3,85,6.5938,775.74,11764.71,1.0017,1.3580,3563,0.3563,1000000
MURMUR3,86,6.7013,779.22,11627.91,0.9989,1.3468,3479,0.3479,1000000
MURMUR3,87,6.6965,769.71,11494.25,0.9824,1.3192,3368,0.3368,1000000
MURMUR3,88,6.9273,787.20,11363.64,0.9011,1.3048,4037,0.4037,1000000
MURMUR3,89,6.8165,765.90,11235.96,0.8997,1.2962,3965,0.3965,1000000
MURMUR3,90,6.8087,756.52,11111.11,0.8949,1.2652,3703,0.3703,1000000
MURMUR3,91,6.9134,759.72,10989.01,0.8871,1.2472,3601,0.3601,1000000
MURMUR3,92,6.8264,742.00,10869.57,0.8856,1.2257,3401,0.3401,1000000
MURMUR3,93,6.9085,742.85,10752.69,0.8776,1.2235,3459,0.3459,1000000
MURMUR3,94,6.8711,730.97,10638.30,0.8736,1.2187,3451,0.3451,1000000
MURMUR3,95,7.0685,744.05,10526.32,0.8554,1.2122,3568,0.3568,1000000
MURMUR3,96,7.2942,759.81,10416.67,0.8317,1.2122,3805,0.3805,1000000
MURMUR3,97,7.2289,745.24,10309.28,0.8290,1.1978,3688,0.3688,1000000
MURMUR3,98,7.1314,727.69,10204.08,0.8267,1.1886,3619,0.3619,1000000
MURMUR3,99,7.1513,722.36,10101.01,0.8219,1.1713,3494,0.3494,1000000
MURMUR3,100,7.3086,730.86,10000.00,0.8159,1.1637,3478,0.3478,1000000
MURMUR3,101,7.1341,706.34,9900.99,0.8159,1.1616,3457,0.3457,1000000
MURMUR3,102,7.2189,707.74,9803.92,0.8145,1.1430,3285,0.3285,1000000
MURMUR3,103,7.1134,690.62,9708.74,0.8084,1.1151,3067,0.3067,1000000
MURMUR3,104,7.0799,680.76,9615.38,0.7904,1.1066,3162,0.3162,1000000
MURMUR3,105,7.0483,671.26,9523.81,0.7809,1.0986,3177,0.3177,1000000
MURMUR3,106,6.8833,649.37,9433.96,0.7736,1.0932,3196,0.3196,1000000
MURMUR3,107,6.8812,643.11,9345.79,0.7659,1.0932,3273,0.3273,1000000
MURMUR3,108,6.8114,630.68,9259.26,0.7626,1.0868,3242,0.3242,1000000
MURMUR3,109,6.8305,626.65,9174.31,0.7591,1.0820,3229,0.3229,1000000
MURMUR3,110,6.7455,613.23,9090.91,0.7587,1.0808,3221,0.3221,1000000
MURMUR3,111,6.7462,607.76,9009.01,0.7451,1.0764,3313,0.3313,1000000
MURMUR3,112,6.8001,607.15,8928.57,0.7365,1.0554,3189,0.3189,1000000
MURMUR3,113,6.8317,604.57,8849.56,0.7258,1.0404,3146,0.3146,1000000
MURMUR3,114,6.9401,608.78,8771.93,0.7032,1.0399,3367,0.3367,1000000
MURMUR3,115,6.9292,602.54,8695.65,0.6977,0.9987,3010,0.3010,1000000
MURMUR3,116,6.9155,596.17,8620.69,0.6844,0.9920,3076,0.3076,1000000
MURMUR3,117,6.9645,595.26,8547.01,0.6774,0.9900,3126,0.3126,1000000
MURMUR3,118,6.8184,577.83,8474.58,0.6774,0.9736,2962,0.2962,1000000
MURMUR3,119,6.6239,556.63,8403.36,0.6651,0.9714,3063,0.3063,1000000
MURMUR3,120,6.6557,554.64,8333.33,0.6470,0.9698,3228,0.3228,1000000
MURMUR3,121,6.4680,534.55,8264.46,0.6452,0.9480,3028,0.3028,1000000
MURMUR3,122,6.3734,522.41,8196.72,0.6452,0.9480,3028,0.3028,1000000
MURMUR3,123,6.3994,520.28,8130.08,0.6331,0.9392,3061,0.3061,1000000
MURMUR3,124,6.3849,514.91,8064.52,0.6326,0.9208,2882,0.2882,1000000
MURMUR3,125,6.2525,500.20,8000.00,0.6278,0.9059,2781,0.2781,1000000
MURMUR3,126,6.3397,503.15,7936.51,0.6278,0.9059,2781,0.2781,1000000
MURMUR3,127,6.2907,495.33,7874.02,0.6235,0.9046,2811,0.2811,1000000
MURMUR3,128,6.3036,492.47,7812.50,0.6197,0.9046,2849,0.2849,1000000
MURMUR3,129,6.3450,491.86,7751.94,0.6114,0.8946,2832,0.2832,1000000
MURMUR3,130,6.3756,490.43,7692.31,0.6114,0.8946,2832,0.2832,1000000
MURMUR3,131,6.5146,497.30,7633.59,0.5961,0.8882,2921,0.2921,1000000
MURMUR3,132,6.5062,492.90,7575.76,0.5961,0.8744,2783,0.2783,1000000
MURMUR3,133,6.5651,493.62,7518.80,0.5961,0.8709,2748,0.2748,1000000
MURMUR3,134,6.5007,485.13,7462.69,0.5961,0.8684,2723,0.2723,1000000
MURMUR3,135,6.5609,486.00,7407.41,0.5951,0.8683,2732,0.2732,1000000
MURMUR3,136,6.6104,486.06,7352.94,0.5891,0.8625,2734,0.2734,1000000
MURMUR3,137,6.6206,483.26,7299.27,0.5800,0.8560,2760,0.2760,1000000
MURMUR3,138,6.7340,487.97,7246.38,0.5736,0.8458,2722,0.2722,1000000
MURMUR3,139,6.7285,484.06,7194.24,0.5736,0.8444,2708,0.2708,1000000
MURMUR3,140,6.8170,486.93,7142.86,0.5736,0.8444,2708,0.2708,1000000
MURMUR3,141,6.8423,485.27,7092.20,0.5734,0.8444,2710,0.2710,1000000
MURMUR3,142,6.8105,479.61,7042.25,0.5731,0.8403,2672,0.2672,1000000
MURMUR3,143,6.8087,476.13,6993.01,0.5716,0.8297,2581,0.2581,1000000
MURMUR3,144,6.8305,474.34,6944.44,0.5707,0.8281,2574,0.2574,1000000
MURMUR3,145,6.7827,467.77,6896.55,0.5694,0.8243,2549,0.2549,1000000
MURMUR3,146,6.8833,471.46,6849.32,0.5694,0.8153,2459,0.2459,1000000
MURMUR3,147,6.9939,475.77,6802.72,0.5602,0.8146,2544,0.2544,1000000
MURMUR3,148,7.1175,480.91,6756.76,0.5542,0.8146,2604,0.2604,1000000
MURMUR3,149,7.0940,476.11,6711.41,0.5509,0.8146,2637,0.2637,1000000
MURMUR3,150,7.2601,484.00,6666.67,0.5409,0.8100,2691,0.2691,1000000
MURMUR3,151,7.2228,478.33,6622.52,0.5277,0.8003,2726,0.2726,1000000
MURMUR3,152,7.1956,473.39,6578.95,0.5202,0.7930,2728,0.2728,1000000
MURMUR3,153,7.0343,459.76,6535.95,0.5155,0.7827,2672,0.2672,1000000
MURMUR3,154,7.0281,456.37,6493.51,0.5128,0.7818,2690,0.2690,1000000
MURMUR3,155,6.9272,446.92,6451.61,0.5126,0.7737,2611,0.2611,1000000
MURMUR3,156,6.9252,443.92,6410.26,0.5099,0.7519,2420,0.2420,1000000
MURMUR3,157,6.9336,441.63,6369.43,0.4969,0.7385,2416,0.2416,1000000
MURMUR3,158,6.8929,436.26,6329.11,0.4969,0.7356,2387,0.2387,1000000
MURMUR3,159,6.8737,432.31,6289.31,0.4969,0.7290,2321,0.2321,1000000
MURMUR3,160,6.7963,424.77,6250.00,0.4969,0.7244,2275,0.2275,1000000
MURMUR3,161,6.7350,418.32,6211.18,0.4946,0.7220,2274,0.2274,1000000
MURMUR3,162,6.6684,411.63,6172.84,0.4901,0.7126,2225,0.2225,1000000
MURMUR3,163,6.7520,414.23,6134.97,0.4886,0.7093,2207,0.2207,1000000
MURMUR3,164,6.7984,414.54,6097.56,0.4846,0.7090,2244,0.2244,1000000
MURMUR3,165,6.8052,412.43,6060.61,0.4846,0.7043,2197,0.2197,1000000
MURMUR3,166,6.9129,416.44,6024.10,0.4846,0.7043,2197,0.2197,1000000
MURMUR3,167,6.8343,409.24,5988.02,0.4811,0.6869,2058,0.2058,1000000
MURMUR3,168,6.9198,411.89,5952.38,0.4737,0.6843,2106,0.2106,1000000
MURMUR3,169,6.9367,410.46,5917.16,0.4737,0.6821,2084,0.2084,1000000
MURMUR3,170,7.0070,412.17,5882.35,0.4704,0.6821,2117,0.2117,1000000
MURMUR3,171,6.9348,405.54,5847.95,0.4704,0.6815,2111,0.2111,1000000
MURMUR3,172,6.9065,401.54,5813.95,0.4698,0.6788,2090,0.2090,1000000
MURMUR3,173,6.9917,404.15,5780.35,0.4698,0.6785,2087,0.2087,1000000
MURMUR3,174,7.0123,403.00,5747.13,0.4680,0.6746,2066,0.2066,1000000
MURMUR3,175,7.1742,409.95,5714.29,0.4579,0.6729,2150,0.2150,1000000
MURMUR3,176,7.1902,408.53,5681.82,0.4561,0.6705,2144,0.2144,1000000
MURMUR3,177,7.1188,402.19,5649.72,0.4561,0.6598,2037,0.2037,1000000
MURMUR3,178,7.1574,402.10,5617.98,0.4561,0.6586,2025,0.2025,1000000
MURMUR3,179,7.0976,396.51,5586.59,0.4561,0.6534,1973,0.1973,1000000
MURMUR3,180,7.0999,394.44,5555.56,0.4561,0.6534,1973,0.1973,1000000
MURMUR3,181,7.1316,394.01,5524.86,0.4560,0.6499,1939,0.1939,1000000
MURMUR3,182,7.1333,391.94,5494.51,0.4542,0.6453,1911,0.1911,1000000
MURMUR3,183,7.1341,389.84,5464.48,0.4512,0.6453,1941,0.1941,1000000
MURMUR3,184,7.1115,386.49,5434.78,0.4445,0.6453,2008,0.2008,1000000
MURMUR3,185,7.1046,384.03,5405.41,0.4445,0.6434,1989,0.1989,1000000
MURMUR3,186,7.1522,384.52,5376.34,0.4428,0.6434,2006,0.2006,1000000
MURMUR3,187,7.1345,381.52,5347.59,0.4428,0.6434,2006,0.2006,1000000
MURMUR3,188,7.0724,376.19,5319.15,0.4366,0.6323,1957,0.1957,1000000
MURMUR3,189,6.9803,369.33,5291.01,0.4366,0.6247,1881,0.1881,1000000
MURMUR3,190,6.9442,365.49,5263.16,0.4327,0.6178,1851,0.1851,1000000
MURMUR3,191,6.9095,361.75,5235.60,0.4295,0.6052,1757,0.1757,1000000
MURMUR3,192,6.8676,357.69,5208.33,0.4224,0.5973,1749,0.1749,1000000
MURMUR3,193,6.7895,351.79,5181.35,0.4224,0.5971,1747,0.1747,1000000
MURMUR3,194,6.7887,349.93,5154.64,0.4174,0.5971,1797,0.1797,1000000
MURMUR3,195,6.7677,347.06,5128.21,0.4161,0.5918,1757,0.1757,1000000
MURMUR3,196,6.8261,348.27,5102.04,0.4161,0.5918,1757,0.1757,1000000
MURMUR3,197,6.9395,352.26,5076.14,0.4143,0.5918,1775,0.1775,1000000
MURMUR3,198,7.0198,354.53,5050.51,0.4127,0.5917,1790,0.1790,1000000
MURMUR3,199,7.0160,352.56,5025.13,0.4127,0.5872,1745,0.1745,1000000
MURMUR3,200,7.0416,352.08,5000.00,0.4085,0.5872,1787,0.1787,1000000
SHA-1,3,7.9587,26528.97,333333.33,31.2844,37.0796,57952,5.7952,1000000
SHA-1,4,7.6144,19035.89,250000.00,23.2699,28.1821,49122,4.9122,1000000
SHA-1,5,8.5864,17172.76,200000.00,17.7815,22.9587,51772,5.1772,1000000
SHA-1,6,6.0254,10042.26,166666.67,16.0365,18.8916,28551,2.8551,1000000
SHA-1,7,5.7872,8267.41,142857.14,13.4758,16.2168,27410,2.7410,1000000
SHA-1,8,5.2568,6571.06,125000.00,11.4175,13.8798,24623,2.4623,1000000
SHA-1,9,5.7883,6431.41,111111.11,10.1242,12.4570,23328,2.3328,1000000
SHA-1,10,5.8693,5869.26,100000.00,9.3438,11.5195,21757,2.1757,1000000
SHA-1,11,7.0013,6364.86,90909.09,8.2650,10.8270,25620,2.5620,1000000
SHA-1,12,5.8963,4913.58,83333.33,7.4884,9.6807,21923,2.1923,1000000
SHA-1,13,7.0096,5392.01,76923.08,6.7029,8.9939,22910,2.2910,1000000
SHA-1,14,7.3306,5236.16,71428.57,6.2170,8.1480,19310,1.9310,1000000
SHA-1,15,7.5198,5013.21,66666.67,5.7023,7.5620,18597,1.8597,1000000
SHA-1,16,8.3348,5209.25,62500.00,5.3995,7.2001,18006,1.8006,1000000
SHA-1,17,7.9522,4677.76,58823.53,5.1582,6.6574,14992,1.4992,1000000
SHA-1,18,7.8658,4369.90,55555.56,4.8937,6.4011,15074,1.5074,1000000
SHA-1,19,7.0265,3698.14,52631.58,4.7377,6.0166,12789,1.2789,1000000
SHA-1,20,6.8223,3411.15,50000.00,4.4925,5.6972,12047,1.2047,1000000
SHA-1,21,8.3871,3993.84,47619.05,3.9775,5.5639,15864,1.5864,1000000
SHA-1,22,8.0931,3678.70,45454.55,3.8270,5.1393,13123,1.3123,1000000
SHA-1,23,7.9276,3446.80,43478.26,3.6841,5.0146,13305,1.3305,1000000
SHA-1,24,8.2237,3426.56,41666.67,3.5703,4.7600,11897,1.1897,1000000
SHA-1,25,8.1218,3248.72,40000.00,3.2849,4.5514,12665,1.2665,1000000
SHA-1,26,8.2089,3157.28,38461.54,3.0826,4.4218,13392,1.3392,1000000
SHA-1,27,8.3486,3092.09,37037.04,2.9665,4.2599,12934,1.2934,1000000
SHA-1,28,7.9261,2830.75,35714.29,2.8771,4.0049,11278,1.1278,1000000
SHA-1,29,7.2692,2506.63,34482.76,2.8036,3.8813,10777,1.0777,1000000
SHA-1,30,7.0051,2335.02,33333.33,2.7203,3.8384,11181,1.1181,1000000
SHA-1,31,6.7265,2169.84,32258.06,2.6795,3.6497,9702,0.9702,1000000
SHA-1,32,6.6294,2071.70,31250.00,2.6009,3.5579,9570,0.9570,1000000
SHA-1,33,6.6436,2013.21,30303.03,2.5329,3.4450,9121,0.9121,1000000
SHA-1,34,6.4642,1901.25,29411.76,2.4538,3.3378,8840,0.8840,1000000
SHA-1,35,6.7687,1933.92,28571.43,2.3722,3.2407,8685,0.8685,1000000
SHA-1,36,6.7969,1888.02,27777.78,2.3531,3.1559,8028,0.8028,1000000
SHA-1,37,6.8783,1859.00,27027.03,2.2945,3.0948,8003,0.8003,1000000
SHA-1,38,6.9055,1817.25,26315.79,2.2378,3.0592,8214,0.8214,1000000
SHA-1,39,6.8106,1746.30,25641.03,2.1668,2.9369,7701,0.7701,1000000
SHA-1,40,6.8815,1720.37,25000.00,2.1183,2.9049,7866,0.7866,1000000
SHA-1,41,7.1979,1755.58,24390.24,2.0584,2.8480,7896,0.7896,1000000
SHA-1,42,7.6748,1827.33,23809.52,1.9959,2.7277,7318,0.7318,1000000
SHA-1,43,7.4841,1740.50,23255.81,1.9872,2.6556,6684,0.6684,1000000
SHA-1,44,7.5721,1720.93,22727.27,1.9054,2.5847,6793,0.6793,1000000
SHA-1,45,7.1287,1584.16,22222.22,1.8815,2.4926,6111,0.6111,1000000
SHA-1,46,7.4835,1626.85,21739.13,1.8786,2.4459,5673,0.5673,1000000
SHA-1,47,7.7735,1653.93,21276.60,1.7905,2.4279,6374,0.6374,1000000
SHA-1,48,7.5904,1581.33,20833.33,1.7714,2.3991,6277,0.6277,1000000
SHA-1,49,7.5547,1541.78,20408.16,1.7534,2.3254,5720,0.5720,1000000
SHA-1,50,7.8164,1563.28,20000.00,1.6939,2.3254,6315,0.6315,1000000
SHA-1,51,8.0214,1572.82,19607.84,1.6829,2.3144,6315,0.6315,1000000
SHA-1,52,7.8131,1502.52,19230.77,1.6495,2.2777,6282,0.6282,1000000
SHA-1,53,7.8703,1484.96,18867.92,1.6355,2.2381,6026,0.6026,1000000
SHA-1,54,7.6703,1420.42,18518.52,1.6031,2.1731,5700,0.5700,1000000
SHA-1,55,7.5495,1372.63,18181.82,1.5540,2.1403,5863,0.5863,1000000
SHA-1,56,7.6735,1370.27,17857.14,1.5019,2.1063,6044,0.6044,1000000
SHA-1,57,7.6658,1344.88,17543.86,1.4692,2.0447,5755,0.5755,1000000
SHA-1,58,7.5310,1298.45,17241.38,1.4563,2.0231,5668,0.5668,1000000
SHA-1,59,7.8339,1327.78,16949.15,1.4278,1.9809,5531,0.5531,1000000
SHA-1,60,7.7829,1297.14,16666.67,1.4141,1.9570,5429,0.5429,1000000
SHA-1,61,7.5178,1232.43,16393.44,1.4029,1.9218,5189,0.5189,1000000
SHA-1,62,7.5631,1219.86,16129.03,1.3605,1.8568,4963,0.4963,1000000
SHA-1,63,7.3820,1171.75,15873.02,1.3396,1.8449,5053,0.5053,1000000
SHA-1,64,7.5383,1177.86,15625.00,1.3354,1.8391,5037,0.5037,1000000
SHA-1,65,7.8305,1204.70,15384.62,1.3297,1.8196,4899,0.4899,1000000
SHA-1,66,8.0466,1219.18,15151.52,1.3213,1.7767,4554,0.4554,1000000
SHA-1,67,8.1700,1219.40,14925.37,1.2833,1.7593,4760,0.4760,1000000
SHA-1,68,8.0435,1182.87,14705.88,1.2829,1.7465,4636,0.4636,1000000
SHA-1,69,7.9808,1156.64,14492.75,1.2180,1.7382,5202,0.5202,1000000
SHA-1,70,8.0434,1149.06,14285.71,1.1925,1.6640,4715,0.4715,1000000
SHA-1,71,8.0126,1128.54,14084.51,1.1831,1.6361,4530,0.4530,1000000
SHA-1,72,7.9243,1100.59,13888.89,1.1730,1.6135,4405,0.4405,1000000
SHA-1,73,7.8885,1080.62,13698.63,1.1504,1.5858,4354,0.4354,1000000
SHA-1,74,7.9741,1077.59,13513.51,1.1278,1.5798,4520,0.4520,1000000
SHA-1,75,7.8066,1040.88,13333.33,1.1230,1.5625,4395,0.4395,1000000
SHA-1,76,7.6836,1011.00,13157.89,1.1174,1.5293,4119,0.4119,1000000
SHA-1,77,7.9357,1030.60,12987.01,1.0945,1.5222,4277,0.4277,1000000
SHA-1,78,7.8961,1012.33,12820.51,1.0945,1.4889,3944,0.3944,1000000
SHA-1,79,8.1091,1026.47,12658.23,1.0669,1.4600,3931,0.3931,1000000
SHA-1,80,8.1081,1013.51,12500.00,1.0619,1.4409,3790,0.3790,1000000
SHA-1,81,8.1029,1000.36,12345.68,1.0332,1.4200,3868,0.3868,1000000
SHA-1,82,8.0299,979.26,12195.12,1.0172,1.4060,3888,0.3888,1000000
SHA-1,83,7.8454,945.23,12048.19,1.0123,1.3865,3742,0.3742,1000000
SHA-1,84,7.7157,918.54,11904.76,0.9896,1.3690,3794,0.3794,1000000
SHA-1,85,7.6962,905.43,11764.71,0.9888,1.3600,3712,0.3712,1000000
SHA-1,86,7.7256,898.33,11627.91,0.9732,1.3528,3796,0.3796,1000000
SHA-1,87,7.8507,902.38,11494.25,0.9353,1.3418,4065,0.4065,1000000
SHA-1,88,7.7415,879.72,11363.64,0.9321,1.3251,3930,0.3930,1000000
SHA-1,89,7.8144,878.02,11235.96,0.8736,1.3144,4408,0.4408,1000000
SHA-1,90,7.6346,848.29,11111.11,0.8680,1.3005,4325,0.4325,1000000
SHA-1,91,7.5526,829.96,10989.01,0.8584,1.3005,4421,0.4421,1000000
SHA-1,92,7.7141,838.49,10869.57,0.8367,1.2911,4544,0.4544,1000000
SHA-1,93,7.5087,807.39,10752.69,0.8268,1.2446,4178,0.4178,1000000
SHA-1,94,7.8062,830.45,10638.30,0.8255,1.2668,4413,0.4413,1000000
SHA-1,95,7.8657,827.97,10526.32,0.8204,1.2668,4464,0.4464,1000000
SHA-1,96,7.6751,799.49,10416.67,0.8004,1.2210,4206,0.4206,1000000
SHA-1,97,7.7230,796.19,10309.28,0.7995,1.1917,3922,0.3922,1000000
SHA-1,98,7.6700,782.65,10204.08,0.7763,1.1687,3924,0.3924,1000000
SHA-1,99,7.6248,770.19,10101.01,0.7609,1.1619,4010,0.4010,1000000
SHA-1,100,7.6047,760.47,10000.00,0.7502,1.1548,4046,0.4046,1000000
SHA-1,101,7.6092,753.39,9900.99,0.7466,1.1392,3926,0.3926,1000000
SHA-1,102,7.7616,760.94,9803.92,0.7330,1.1378,4048,0.4048,1000000
SHA-1,103,7.7439,751.83,9708.74,0.7330,1.1299,3969,0.3969,1000000
SHA-1,104,7.7996,749.96,9615.38,0.7315,1.1177,3862,0.3862,1000000
SHA-1,105,7.7336,736.53,9523.81,0.7250,1.1074,3824,0.3824,1000000
SHA-1,106,7.6733,723.90,9433.96,0.7207,1.1063,3856,0.3856,1000000
SHA-1,107,7.7257,722.03,9345.79,0.7207,1.1059,3852,0.3852,1000000
SHA-1,108,7.7489,717.49,9259.26,0.7120,1.1003,3883,0.3883,1000000
SHA-1,109,7.6251,699.55,9174.31,0.6997,1.0891,3894,0.3894,1000000
SHA-1,110,7.6820,698.37,9090.91,0.6884,1.0891,4007,0.4007,1000000
SHA-1,111,7.7948,702.24,9009.01,0.6828,1.0857,4029,0.4029,1000000
SHA-1,112,7.7726,693.98,8928.57,0.6807,1.0857,4050,0.4050,1000000
SHA-1,113,7.7219,683.35,8849.56,0.6807,1.0736,3929,0.3929,1000000
SHA-1,114,7.7236,677.51,8771.93,0.6807,1.0705,3898,0.3898,1000000
SHA-1,115,7.8679,684.17,8695.65,0.6761,1.0642,3881,0.3881,1000000
SHA-1,116,7.8081,673.11,8620.69,0.6708,1.0488,3780,0.3780,1000000
SHA-1,117,7.8355,669.70,8547.01,0.6616,1.0382,3766,0.3766,1000000
SHA-1,118,7.8746,667.34,8474.58,0.6486,1.0299,3813,0.3813,1000000
SHA-1,119,7.9241,665.89,8403.36,0.6444,1.0255,3811,0.3811,1000000
SHA-1,120,7.9302,660.85,8333.33,0.6444,1.0112,3668,0.3668,1000000
SHA-1,121,7.9318,655.52,8264.46,0.6444,1.0030,3586,0.3586,1000000
SHA-1,122,7.9157,648.83,8196.72,0.6432,1.0030,3598,0.3598,1000000
SHA-1,123,7.9621,647.33,8130.08,0.6429,0.9968,3539,0.3539,1000000
SHA-1,124,7.8032,629.29,8064.52,0.6408,0.9683,3275,0.3275,1000000
SHA-1,125,7.7657,621.25,8000.00,0.6408,0.9674,3266,0.3266,1000000
SHA-1,126,7.7226,612.91,7936.51,0.6262,0.9404,3142,0.3142,1000000
SHA-1,127,7.6144,599.56,7874.02,0.6262,0.9254,2992,0.2992,1000000
SHA-1,128,7.6927,600.99,7812.50,0.6171,0.9254,3083,0.3083,1000000
SHA-1,129,7.7391,599.93,7751.94,0.6169,0.9196,3027,0.3027,1000000
SHA-1,130,7.7442,595.71,7692.31,0.6086,0.9195,3109,0.3109,1000000
SHA-1,131,7.7509,591.67,7633.59,0.6086,0.9185,3099,0.3099,1000000
SHA-1,132,7.7148,584.46,7575.76,0.6047,0.9112,3065,0.3065,1000000
SHA-1,133,7.6809,577.51,7518.80,0.5906,0.9112,3206,0.3206,1000000
SHA-1,134,7.8253,583.97,7462.69,0.5841,0.9081,3240,0.3240,1000000
SHA-1,135,7.8652,582.61,7407.41,0.5703,0.9081,3378,0.3378,1000000
SHA-1,136,7.7968,573.29,7352.94,0.5661,0.9078,3417,0.3417,1000000
SHA-1,137,7.7193,563.45,7299.27,0.5661,0.9078,3417,0.3417,1000000
SHA-1,138,7.6852,556.90,7246.38,0.5661,0.9056,3395,0.3395,1000000
SHA-1,139,7.6327,549.11,7194.24,0.5599,0.8917,3318,0.3318,1000000
SHA-1,140,7.7755,555.39,7142.86,0.5583,0.8830,3247,0.3247,1000000
SHA-1,141,7.7603,550.37,7092.20,0.5531,0.8639,3108,0.3108,1000000
SHA-1,142,7.8015,549.40,7042.25,0.5513,0.8582,3069,0.3069,1000000
SHA-1,143,7.8558,549.36,6993.01,0.5443,0.8582,3139,0.3139,1000000
SHA-1,144,7.9228,550.20,6944.44,0.5404,0.8519,3115,0.3115,1000000
SHA-1,145,7.9686,549.56,6896.55,0.5331,0.8417,3086,0.3086,1000000
SHA-1,146,7.9737,546.14,6849.32,0.5300,0.8332,3032,0.3032,1000000
SHA-1,147,7.9140,538.37,6802.72,0.5251,0.8289,3038,0.3038,1000000
SHA-1,148,7.8734,531.99,6756.76,0.5135,0.8280,3145,0.3145,1000000
SHA-1,149,7.9472,533.37,6711.41,0.5135,0.8201,3066,0.3066,1000000
SHA-1,150,8.0813,538.75,6666.67,0.5135,0.8126,2991,0.2991,1000000
SHA-1,151,8.0133,530.68,6622.52,0.5084,0.8106,3022,0.3022,1000000
SHA-1,152,8.0231,527.83,6578.95,0.5037,0.8092,3055,0.3055,1000000
SHA-1,153,7.9756,521.28,6535.95,0.4969,0.7930,2961,0.2961,1000000
SHA-1,154,7.9819,518.30,6493.51,0.4969,0.7878,2909,0.2909,1000000
SHA-1,155,7.8336,505.39,6451.61,0.4821,0.7797,2976,0.2976,1000000
SHA-1,156,7.8406,502.60,6410.26,0.4724,0.7797,3073,0.3073,1000000
SHA-1,157,7.7475,493.47,6369.43,0.4675,0.7727,3052,0.3052,1000000
SHA-1,158,7.7285,489.14,6329.11,0.4675,0.7701,3026,0.3026,1000000
SHA-1,159,7.6177,479.10,6289.31,0.4673,0.7645,2972,0.2972,1000000
SHA-1,160,7.5127,469.55,6250.00,0.4658,0.7538,2880,0.2880,1000000
SHA-1,161,7.4942,465.48,6211.18,0.4658,0.7537,2879,0.2879,1000000
SHA-1,162,7.3516,453.80,6172.84,0.4637,0.7478,2841,0.2841,1000000
SHA-1,163,7.3516,451.02,6134.97,0.4609,0.7350,2741,0.2741,1000000
SHA-1,164,7.3881,450.50,6097.56,0.4562,0.7329,2767,0.2767,1000000
SHA-1,165,7.4058,448.84,6060.61,0.4562,0.7302,2740,0.2740,1000000
SHA-1,166,7.3917,445.28,6024.10,0.4557,0.7283,2726,0.2726,1000000
SHA-1,167,7.3270,438.74,5988.02,0.4553,0.7283,2730,0.2730,1000000
SHA-1,168,7.2786,433.25,5952.38,0.4504,0.7277,2773,0.2773,1000000
SHA-1,169,7.3599,435.50,5917.16,0.4496,0.7170,2674,0.2674,1000000
SHA-1,170,7.2886,428.74,5882.35,0.4496,0.7170,2674,0.2674,1000000
SHA-1,171,7.2490,423.92,5847.95,0.4496,0.7083,2587,0.2587,1000000
SHA-1,172,7.2484,421.42,5813.95,0.4397,0.7013,2616,0.2616,1000000
SHA-1,173,7.1700,414.45,5780.35,0.4397,0.7009,2612,0.2612,1000000
SHA-1,174,7.1742,412.31,5747.13,0.4315,0.6901,2586,0.2586,1000000
SHA-1,175,7.1717,409.81,5714.29,0.4315,0.6849,2534,0.2534,1000000
SHA-1,176,7.1692,407.34,5681.82,0.4303,0.6844,2541,0.2541,1000000
SHA-1,177,7.1134,401.89,5649.72,0.4296,0.6761,2465,0.2465,1000000
SHA-1,178,7.0016,393.35,5617.98,0.4290,0.6580,2290,0.2290,1000000
SHA-1,179,6.9212,386.66,5586.59,0.4270,0.6538,2268,0.2268,1000000
SHA-1,180,6.9257,384.76,5555.56,0.4246,0.6510,2264,0.2264,1000000
SHA-1,181,6.9288,382.80,5524.86,0.4246,0.6502,2256,0.2256,1000000
SHA-1,182,6.9081,379.56,5494.51,0.4185,0.6502,2317,0.2317,1000000
SHA-1,183,6.9194,378.11,5464.48,0.4185,0.6465,2280,0.2280,1000000
SHA-1,184,6.8735,373.56,5434.78,0.4185,0.6457,2272,0.2272,1000000
SHA-1,185,6.8041,367.79,5405.41,0.4174,0.6419,2245,0.2245,1000000
SHA-1,186,6.8098,366.12,5376.34,0.4174,0.6419,2245,0.2245,1000000
SHA-1,187,6.7045,358.53,5347.59,0.4174,0.6387,2213,0.2213,1000000
SHA-1,188,6.7913,361.24,5319.15,0.4162,0.6367,2205,0.2205,1000000
SHA-1,189,6.8503,362.45,5291.01,0.4091,0.6336,2245,0.2245,1000000
SHA-1,190,6.8596,361.03,5263.16,0.4083,0.6326,2243,0.2243,1000000
SHA-1,191,6.9747,365.17,5235.60,0.4029,0.6293,2264,0.2264,1000000
SHA-1,192,7.0210,365.68,5208.33,0.4029,0.6290,2261,0.2261,1000000
SHA-1,193,7.0900,367.36,5181.35,0.3985,0.6290,2305,0.2305,1000000
SHA-1,194,7.1374,367.91,5154.64,0.3946,0.6270,2324,0.2324,1000000
SHA-1,195,7.1555,366.95,5128.21,0.3946,0.6239,2293,0.2293,1000000
SHA-1,196,7.1619,365.40,5102.04,0.3924,0.6211,2287,0.2287,1000000
SHA-1,197,7.1608,363.49,5076.14,0.3924,0.6188,2264,0.2264,1000000
SHA-1,198,7.0880,357.98,5050.51,0.3871,0.6139,2268,0.2268,1000000
SHA-1,199,7.0735,355.45,5025.13,0.3871,0.6139,2268,0.2268,1000000
SHA-1,200,7.1239,356.20,5000.00,0.3863,0.6086,2223,0.2223,1000000
SHA-256,3,8.5266,28422.10,333333.33,30.3858,37.1738,67880,6.7880,1000000
SHA-256,4,8.6713,21678.24,250000.00,22.1147,28.2269,61122,6.1122,1000000
SHA-256,5,6.8875,13775.05,200000.00,18.1598,22.1849,40251,4.0251,1000000
SHA-256,6,4.7196,7866.02,166666.67,15.4599,18.0643,26044,2.6044,1000000
SHA-256,7,5.7015,8145.03,142857.14,12.9957,15.4937,24980,2.4980,1000000
SHA-256,8,5.6961,7120.07,125000.00,11.4452,13.8414,23962,2.3962,1000000
SHA-256,9,5.5894,6210.41,111111.11,10.2699,12.4297,21598,2.1598,1000000
SHA-256,10,6.4545,6454.46,100000.00,8.7522,10.9725,22203,2.2203,1000000
SHA-256,11,6.8979,6270.84,90909.09,7.7948,9.9394,21446,2.1446,1000000
SHA-256,12,6.4381,5365.04,83333.33,7.4349,9.3561,19212,1.9212,1000000
SHA-256,13,6.3382,4875.57,76923.08,6.8698,8.8257,19559,1.9559,1000000
SHA-256,14,6.2203,4443.04,71428.57,6.2293,8.2121,19828,1.9828,1000000
SHA-256,15,5.3389,3559.25,66666.67,6.0421,7.7682,17261,1.7261,1000000
SHA-256,16,5.6600,3537.50,62500.00,5.5557,7.0817,15260,1.5260,1000000
SHA-256,17,6.1541,3620.04,58823.53,5.1681,6.7138,15457,1.5457,1000000
SHA-256,18,6.0243,3346.82,55555.56,4.8460,6.2863,14403,1.4403,1000000
SHA-256,19,6.2608,3295.15,52631.58,4.5545,5.8011,12466,1.2466,1000000
SHA-256,20,6.7870,3393.52,50000.00,4.2102,5.5386,13284,1.3284,1000000
SHA-256,21,6.2719,2986.60,47619.05,4.0919,5.4459,13540,1.3540,1000000
SHA-256,22,6.2063,2821.06,45454.55,3.9782,5.1168,11386,1.1386,1000000
SHA-256,23,6.2479,2716.48,43478.26,3.8093,4.9094,11001,1.1001,1000000
SHA-256,24,5.7087,2378.62,41666.67,3.6343,4.5525,9182,0.9182,1000000
SHA-256,25,5.9474,2378.95,40000.00,3.4878,4.5484,10606,1.0606,1000000
SHA-256,26,6.1717,2373.74,38461.54,3.3996,4.4169,10173,1.0173,1000000
SHA-256,27,5.9960,2220.74,37037.04,3.2903,4.1796,8893,0.8893,1000000
SHA-256,28,6.2492,2231.87,35714.29,3.1841,4.0798,8957,0.8957,1000000
SHA-256,29,6.2595,2158.45,34482.76,3.0814,3.8889,8075,0.8075,1000000
SHA-256,30,6.1471,2049.02,33333.33,3.0286,3.7085,6799,0.6799,1000000
SHA-256,31,6.0171,1940.99,32258.06,2.8866,3.5880,7014,0.7014,1000000
SHA-256,32,6.2067,1939.59,31250.00,2.7999,3.4968,6969,0.6969,1000000
SHA-256,33,6.6490,2014.84,30303.03,2.6711,3.4108,7397,0.7397,1000000
SHA-256,34,6.3906,1879.59,29411.76,2.6082,3.2955,6873,0.6873,1000000
SHA-256,35,5.9352,1695.77,28571.43,2.4983,3.1400,6417,0.6417,1000000
SHA-256,36,6.1888,1719.12,27777.78,2.4702,3.0754,6052,0.6052,1000000
SHA-256,37,6.5324,1765.51,27027.03,2.3889,3.0156,6267,0.6267,1000000
SHA-256,38,6.6715,1755.67,26315.79,2.3275,3.0020,6745,0.6745,1000000
SHA-256,39,6.9495,1781.93,25641.03,2.2582,2.9843,7261,0.7261,1000000
SHA-256,40,7.1194,1779.86,25000.00,2.2202,2.9003,6801,0.6801,1000000
SHA-256,41,6.5362,1594.19,24390.24,2.1981,2.7385,5404,0.5404,1000000
SHA-256,42,6.2028,1476.86,23809.52,2.1310,2.6552,5242,0.5242,1000000
SHA-256,43,6.4613,1502.64,23255.81,2.0409,2.6396,5987,0.5987,1000000
SHA-256,44,6.0386,1372.41,22727.27,2.0208,2.5406,5198,0.5198,1000000
SHA-256,45,5.5979,1243.97,22222.22,2.0090,2.5271,5181,0.5181,1000000
SHA-256,46,5.9993,1304.19,21739.13,1.8337,2.4719,6382,0.6382,1000000
SHA-256,47,5.9966,1275.87,21276.60,1.7988,2.4255,6267,0.6267,1000000
SHA-256,48,6.0825,1267.19,20833.33,1.7370,2.3685,6315,0.6315,1000000
SHA-256,49,6.1591,1256.96,20408.16,1.7047,2.2943,5896,0.5896,1000000
SHA-256,50,6.4052,1281.04,20000.00,1.6621,2.2774,6153,0.6153,1000000
SHA-256,51,6.7173,1317.13,19607.84,1.6510,2.2387,5877,0.5877,1000000
SHA-256,52,6.6930,1287.12,19230.77,1.6173,2.2136,5963,0.5963,1000000
SHA-256,53,6.7084,1265.74,18867.92,1.5816,2.1337,5521,0.5521,1000000
SHA-256,54,6.7657,1252.91,18518.52,1.5409,2.1220,5811,0.5811,1000000
SHA-256,55,6.7742,1231.68,18181.82,1.5086,2.0756,5670,0.5670,1000000
SHA-256,56,6.8299,1219.62,17857.14,1.4727,2.0550,5823,0.5823,1000000
SHA-256,57,6.8502,1201.79,17543.86,1.4455,2.0329,5874,0.5874,1000000
SHA-256,58,7.0956,1223.38,17241.38,1.4084,2.0209,6125,0.6125,1000000
SHA-256,59,7.2523,1229.21,16949.15,1.3918,2.0179,6261,0.6261,1000000
SHA-256,60,7.3148,1219.14,16666.67,1.3199,1.9699,6500,0.6500,1000000
SHA-256,61,7.4718,1224.88,16393.44,1.2954,1.9566,6612,0.6612,1000000
SHA-256,62,7.5049,1210.46,16129.03,1.2780,1.9105,6325,0.6325,1000000
SHA-256,63,7.4557,1183.45,15873.02,1.2593,1.8754,6161,0.6161,1000000
SHA-256,64,7.6110,1189.21,15625.00,1.2039,1.8750,6711,0.6711,1000000
SHA-256,65,7.6513,1177.12,15384.62,1.1797,1.8019,6222,0.6222,1000000
SHA-256,66,7.5716,1147.22,15151.52,1.1686,1.7869,6183,0.6183,1000000
SHA-256,67,7.7998,1164.15,14925.37,1.1529,1.7685,6156,0.6156,1000000
SHA-256,68,7.8780,1158.53,14705.88,1.1394,1.7523,6129,0.6129,1000000
SHA-256,69,7.8685,1140.37,14492.75,1.1297,1.6925,5628,0.5628,1000000
SHA-256,70,7.6423,1091.75,14285.71,1.1284,1.6870,5586,0.5586,1000000
SHA-256,71,7.6498,1077.43,14084.51,1.1182,1.6412,5230,0.5230,1000000
SHA-256,72,7.7027,1069.82,13888.89,1.1182,1.6382,5200,0.5200,1000000
SHA-256,73,7.5560,1035.07,13698.63,1.1094,1.5977,4883,0.4883,1000000
SHA-256,74,7.7432,1046.38,13513.51,1.0920,1.5903,4983,0.4983,1000000
SHA-256,75,7.5250,1003.33,13333.33,1.0767,1.5172,4405,0.4405,1000000
SHA-256,76,7.5703,996.09,13157.89,1.0636,1.4940,4304,0.4304,1000000
SHA-256,77,7.4420,966.49,12987.01,1.0594,1.4906,4312,0.4312,1000000
SHA-256,78,7.3737,945.35,12820.51,1.0345,1.4831,4486,0.4486,1000000
SHA-256,79,7.5138,951.11,12658.23,1.0201,1.4648,4447,0.4447,1000000
SHA-256,80,7.5672,945.89,12500.00,1.0115,1.4355,4240,0.4240,1000000
SHA-256,81,7.5872,936.70,12345.68,1.0031,1.4173,4142,0.4142,1000000
SHA-256,82,7.5917,925.81,12195.12,0.9829,1.4045,4216,0.4216,1000000
SHA-256,83,7.5975,915.36,12048.19,0.9829,1.3921,4092,0.4092,1000000
SHA-256,84,7.8953,939.92,11904.76,0.9481,1.3909,4428,0.4428,1000000
SHA-256,85,7.8664,925.46,11764.71,0.9422,1.3804,4382,0.4382,1000000
SHA-256,86,7.7125,896.80,11627.91,0.9422,1.3530,4108,0.4108,1000000
SHA-256,87,7.6563,880.04,11494.25,0.9237,1.3483,4246,0.4246,1000000
SHA-256,88,7.6952,874.45,11363.64,0.8951,1.3414,4463,0.4463,1000000
SHA-256,89,7.7158,866.95,11235.96,0.8945,1.3413,4468,0.4468,1000000
SHA-256,90,7.5284,836.48,11111.11,0.8945,1.3073,4128,0.4128,1000000
SHA-256,91,7.6299,838.45,10989.01,0.8777,1.3062,4285,0.4285,1000000
SHA-256,92,7.6099,827.16,10869.57,0.8544,1.3062,4518,0.4518,1000000
SHA-256,93,7.6016,817.37,10752.69,0.8457,1.2610,4153,0.4153,1000000
SHA-256,94,7.4809,795.84,10638.30,0.8457,1.2488,4031,0.4031,1000000
SHA-256,95,7.3920,778.11,10526.32,0.8457,1.2310,3853,0.3853,1000000
SHA-256,96,7.5148,782.79,10416.67,0.8435,1.2189,3754,0.3754,1000000
SHA-256,97,7.5551,778.88,10309.28,0.8381,1.2064,3683,0.3683,1000000
SHA-256,98,7.5724,772.70,10204.08,0.8381,1.2027,3646,0.3646,1000000
SHA-256,99,7.7158,779.37,10101.01,0.8348,1.1717,3369,0.3369,1000000
SHA-256,100,7.6967,769.67,10000.00,0.8330,1.1670,3340,0.3340,1000000
SHA-256,101,7.6116,753.62,9900.99,0.8323,1.1618,3295,0.3295,1000000
SHA-256,102,7.6997,754.87,9803.92,0.8180,1.1555,3375,0.3375,1000000
SHA-256,103,7.6807,745.70,9708.74,0.7941,1.1489,3548,0.3548,1000000
SHA-256,104,7.7166,741.98,9615.38,0.7941,1.1489,3548,0.3548,1000000
SHA-256,105,7.5862,722.50,9523.81,0.7842,1.1377,3535,0.3535,1000000
SHA-256,106,7.5801,715.10,9433.96,0.7825,1.1043,3218,0.3218,1000000
SHA-256,107,7.4710,698.23,9345.79,0.7825,1.1043,3218,0.3218,1000000
SHA-256,108,7.5266,696.91,9259.26,0.7744,1.0926,3182,0.3182,1000000
SHA-256,109,7.4693,685.25,9174.31,0.7606,1.0779,3173,0.3173,1000000
SHA-256,110,7.3498,668.16,9090.91,0.7606,1.0675,3069,0.3069,1000000
SHA-256,111,7.1579,644.86,9009.01,0.7599,1.0630,3031,0.3031,1000000
SHA-256,112,7.3158,653.20,8928.57,0.7550,1.0587,3037,0.3037,1000000
SHA-256,113,7.3013,646.13,8849.56,0.7546,1.0541,2995,0.2995,1000000
SHA-256,114,7.3613,645.73,8771.93,0.7468,1.0437,2969,0.2969,1000000
SHA-256,115,7.3394,638.21,8695.65,0.7468,1.0374,2906,0.2906,1000000
SHA-256,116,7.3335,632.20,8620.69,0.7426,1.0115,2689,0.2689,1000000
SHA-256,117,7.3611,629.15,8547.01,0.7352,1.0090,2738,0.2738,1000000
SHA-256,118,7.3331,621.45,8474.58,0.7231,1.0069,2838,0.2838,1000000
SHA-256,119,7.4370,624.95,8403.36,0.7148,1.0041,2893,0.2893,1000000
SHA-256,120,7.3856,615.47,8333.33,0.7085,0.9924,2839,0.2839,1000000
SHA-256,121,7.2376,598.15,8264.46,0.6999,0.9876,2877,0.2877,1000000
SHA-256,122,7.1477,585.88,8196.72,0.6999,0.9800,2801,0.2801,1000000
SHA-256,123,7.1634,582.39,8130.08,0.6827,0.9793,2966,0.2966,1000000
SHA-256,124,7.3609,593.62,8064.52,0.6790,0.9700,2910,0.2910,1000000
SHA-256,125,7.3796,590.37,8000.00,0.6790,0.9642,2852,0.2852,1000000
SHA-256,126,7.4290,589.60,7936.51,0.6703,0.9448,2745,0.2745,1000000
SHA-256,127,7.5830,597.09,7874.02,0.6655,0.9285,2630,0.2630,1000000
SHA-256,128,7.4170,579.45,7812.50,0.6655,0.9259,2604,0.2604,1000000
SHA-256,129,7.4254,575.61,7751.94,0.6611,0.9247,2636,0.2636,1000000
SHA-256,130,7.3621,566.32,7692.31,0.6579,0.9090,2511,0.2511,1000000
SHA-256,131,7.4426,568.14,7633.59,0.6537,0.8926,2389,0.2389,1000000
SHA-256,132,7.3645,557.92,7575.76,0.6511,0.8926,2415,0.2415,1000000
SHA-256,133,7.3104,549.66,7518.80,0.6441,0.8926,2485,0.2485,1000000
SHA-256,134,7.3417,547.89,7462.69,0.6396,0.8901,2505,0.2505,1000000
SHA-256,135,7.3472,544.24,7407.41,0.6374,0.8901,2527,0.2527,1000000
SHA-256,136,7.2703,534.58,7352.94,0.6324,0.8864,2540,0.2540,1000000
SHA-256,137,7.2681,530.52,7299.27,0.6314,0.8864,2550,0.2550,1000000
SHA-256,138,7.2773,527.34,7246.38,0.6247,0.8864,2617,0.2617,1000000
SHA-256,139,7.6283,548.80,7194.24,0.6186,0.8864,2678,0.2678,1000000
SHA-256,140,7.5872,541.94,7142.86,0.6081,0.8769,2688,0.2688,1000000
SHA-256,141,7.5594,536.13,7092.20,0.6081,0.8698,2617,0.2617,1000000
SHA-256,142,7.5833,534.03,7042.25,0.5999,0.8695,2696,0.2696,1000000
SHA-256,143,7.4683,522.26,6993.01,0.5986,0.8620,2634,0.2634,1000000
SHA-256,144,7.4818,519.57,6944.44,0.5904,0.8620,2716,0.2716,1000000
SHA-256,145,7.4383,512.98,6896.55,0.5868,0.8568,2700,0.2700,1000000
SHA-256,146,7.3807,505.53,6849.32,0.5848,0.8452,2604,0.2604,1000000
SHA-256,147,7.2476,493.04,6802.72,0.5767,0.8452,2685,0.2685,1000000
SHA-256,148,7.2507,489.91,6756.76,0.5670,0.8314,2644,0.2644,1000000
SHA-256,149,7.3774,495.13,6711.41,0.5561,0.8304,2743,0.2743,1000000
SHA-256,150,7.3041,486.94,6666.67,0.5549,0.8243,2694,0.2694,1000000
SHA-256,151,7.2948,483.10,6622.52,0.5485,0.8243,2758,0.2758,1000000
SHA-256,152,7.1949,473.35,6578.95,0.5482,0.8039,2557,0.2557,1000000
SHA-256,153,7.1917,470.04,6535.95,0.5382,0.7998,2616,0.2616,1000000
SHA-256,154,7.1626,465.10,6493.51,0.5382,0.7941,2559,0.2559,1000000
SHA-256,155,7.2838,469.92,6451.61,0.5282,0.7941,2659,0.2659,1000000
SHA-256,156,7.2997,467.93,6410.26,0.5191,0.7936,2745,0.2745,1000000
SHA-256,157,7.4117,472.08,6369.43,0.5117,0.7936,2819,0.2819,1000000
SHA-256,158,7.4207,469.67,6329.11,0.4983,0.7936,2953,0.2953,1000000
SHA-256,159,7.3741,463.78,6289.31,0.4974,0.7936,2962,0.2962,1000000
SHA-256,160,7.2358,452.24,6250.00,0.4974,0.7709,2735,0.2735,1000000
SHA-256,161,7.2305,449.10,6211.18,0.4953,0.7631,2678,0.2678,1000000
SHA-256,162,7.3537,453.93,6172.84,0.4906,0.7560,2654,0.2654,1000000
SHA-256,163,7.3293,449.65,6134.97,0.4878,0.7532,2654,0.2654,1000000
SHA-256,164,7.3695,449.36,6097.56,0.4878,0.7523,2645,0.2645,1000000
SHA-256,165,7.2595,439.97,6060.61,0.4878,0.7411,2533,0.2533,1000000
SHA-256,166,7.2181,434.83,6024.10,0.4878,0.7338,2460,0.2460,1000000
SHA-256,167,7.2235,432.54,5988.02,0.4878,0.7338,2460,0.2460,1000000
SHA-256,168,7.3093,435.08,5952.38,0.4758,0.7309,2551,0.2551,1000000
SHA-256,169,7.2813,430.84,5917.16,0.4758,0.7309,2551,0.2551,1000000
SHA-256,170,7.2209,424.76,5882.35,0.4728,0.7309,2581,0.2581,1000000
SHA-256,171,7.1521,418.25,5847.95,0.4618,0.7269,2651,0.2651,1000000
SHA-256,172,7.0838,411.85,5813.95,0.4580,0.7269,2689,0.2689,1000000
SHA-256,173,7.0219,405.89,5780.35,0.4574,0.7269,2695,0.2695,1000000
SHA-256,174,7.0599,405.74,5747.13,0.4574,0.7230,2656,0.2656,1000000
SHA-256,175,7.0767,404.38,5714.29,0.4574,0.7228,2654,0.2654,1000000
SHA-256,176,7.0511,400.63,5681.82,0.4557,0.7137,2580,0.2580,1000000
SHA-256,177,7.0267,396.99,5649.72,0.4551,0.7101,2550,0.2550,1000000
SHA-256,178,7.0606,396.66,5617.98,0.4498,0.7021,2523,0.2523,1000000
SHA-256,179,7.0712,395.04,5586.59,0.4475,0.6997,2522,0.2522,1000000
SHA-256,180,6.9677,387.09,5555.56,0.4472,0.6934,2462,0.2462,1000000
SHA-256,181,7.0145,387.54,5524.86,0.4466,0.6934,2468,0.2468,1000000
SHA-256,182,7.0186,385.64,5494.51,0.4444,0.6926,2482,0.2482,1000000
SHA-256,183,7.0501,385.25,5464.48,0.4420,0.6926,2506,0.2506,1000000
SHA-256,184,7.1711,389.73,5434.78,0.4334,0.6926,2592,0.2592,1000000
SHA-256,185,7.1058,384.10,5405.41,0.4334,0.6790,2456,0.2456,1000000
SHA-256,186,7.0578,379.45,5376.34,0.4329,0.6739,2410,0.2410,1000000
SHA-256,187,7.0861,378.94,5347.59,0.4329,0.6739,2410,0.2410,1000000
SHA-256,188,7.1387,379.72,5319.15,0.4326,0.6717,2391,0.2391,1000000
SHA-256,189,7.0997,375.65,5291.01,0.4294,0.6652,2358,0.2358,1000000
SHA-256,190,7.1303,375.28,5263.16,0.4270,0.6652,2382,0.2382,1000000
SHA-256,191,7.1173,372.64,5235.60,0.4241,0.6604,2363,0.2363,1000000
SHA-256,192,7.1390,371.82,5208.33,0.4235,0.6538,2303,0.2303,1000000
SHA-256,193,7.0651,366.07,5181.35,0.4195,0.6385,2190,0.2190,1000000
SHA-256,194,7.0298,362.36,5154.64,0.4177,0.6385,2208,0.2208,1000000
SHA-256,195,7.0967,363.93,5128.21,0.4156,0.6385,2229,0.2229,1000000
SHA-256,196,7.0688,360.65,5102.04,0.4085,0.6320,2235,0.2235,1000000
SHA-256,197,7.1660,363.76,5076.14,0.4077,0.6311,2234,0.2234,1000000
SHA-256,198,7.1090,359.04,5050.51,0.4054,0.6311,2257,0.2257,1000000
SHA-256,199,7.0934,356.45,5025.13,0.4043,0.6259,2216,0.2216,1000000
SHA-256,200,7.0403,352.01,5000.00,0.4043,0.6259,2216,0.2216,1000000
SHA-512,3,11.4838,38279.30,333333.33,28.5435,37.9129,93694,9.3694,1000000
SHA-512,4,10.0228,25057.02,250000.00,20.9512,27.4148,64636,6.4636,1000000
SHA-512,5,7.4775,14955.01,200000.00,18.1005,21.5992,34987,3.4987,1000000
SHA-512,6,7.5913,12652.17,166666.67,14.8858,18.3701,34843,3.4843,1000000
SHA-512,7,7.9610,11372.81,142857.14,12.8769,16.1827,33058,3.3058,1000000
SHA-512,8,8.6593,10824.07,125000.00,10.7722,14.1513,33791,3.3791,1000000
SHA-512,9,6.9942,7771.35,111111.11,9.8973,12.0214,21241,2.1241,1000000
SHA-512,10,7.6475,7647.46,100000.00,8.7823,11.1275,23452,2.3452,1000000
SHA-512,11,8.0830,7348.19,90909.09,8.0720,10.3213,22493,2.2493,1000000
SHA-512,12,6.7951,5662.56,83333.33,7.5060,9.2734,17674,1.7674,1000000
SHA-512,13,6.4240,4941.57,76923.08,6.8742,8.5172,16430,1.6430,1000000
SHA-512,14,6.0799,4342.75,71428.57,6.4468,7.8793,14325,1.4325,1000000
SHA-512,15,5.6612,3774.16,66666.67,5.8475,7.3397,14922,1.4922,1000000
SHA-512,16,6.3778,3986.16,62500.00,5.3333,6.8312,14979,1.4979,1000000
SHA-512,17,7.0239,4131.71,58823.53,5.0164,6.6352,16188,1.6188,1000000
SHA-512,18,7.0410,3911.66,55555.56,4.7624,6.1353,13729,1.3729,1000000
SHA-512,19,7.1665,3771.86,52631.58,4.5520,5.9164,13644,1.3644,1000000
SHA-512,20,6.2852,3142.61,50000.00,4.2982,5.5266,12284,1.2284,1000000
SHA-512,21,6.4438,3068.47,47619.05,4.2096,5.3253,11157,1.1157,1000000
SHA-512,22,5.9086,2685.72,45454.55,4.0450,5.0859,10409,1.0409,1000000
SHA-512,23,6.6145,2875.88,43478.26,3.6939,4.9445,12506,1.2506,1000000
SHA-512,24,7.0926,2955.24,41666.67,3.4724,4.8983,14259,1.4259,1000000
SHA-512,25,7.0261,2810.43,40000.00,3.2398,4.6683,14285,1.4285,1000000
SHA-512,26,7.2943,2805.50,38461.54,3.0457,4.5694,15237,1.5237,1000000
SHA-512,27,7.3638,2727.31,37037.04,2.9530,4.3866,14336,1.4336,1000000
SHA-512,28,7.3718,2632.80,35714.29,2.8018,4.2483,14465,1.4465,1000000
SHA-512,29,7.9236,2732.28,34482.76,2.7675,4.1979,14304,1.4304,1000000
SHA-512,30,7.6963,2565.44,33333.33,2.6820,3.9460,12640,1.2640,1000000
SHA-512,31,7.4236,2394.72,32258.06,2.6820,3.8201,11381,1.1381,1000000
SHA-512,32,7.0368,2199.00,31250.00,2.6193,3.5777,9584,0.9584,1000000
SHA-512,33,6.9356,2101.69,30303.03,2.5807,3.4491,8684,0.8684,1000000
SHA-512,34,6.8977,2028.73,29411.76,2.5151,3.3404,8253,0.8253,1000000
SHA-512,35,7.0452,2012.92,28571.43,2.4375,3.2739,8364,0.8364,1000000
SHA-512,36,7.5878,2107.72,27777.78,2.3635,3.1901,8266,0.8266,1000000
SHA-512,37,7.1711,1938.14,27027.03,2.3129,3.1217,8088,0.8088,1000000
SHA-512,38,6.8096,1792.00,26315.79,2.2903,2.9945,7042,0.7042,1000000
SHA-512,39,6.3172,1619.78,25641.03,2.2240,2.8997,6757,0.6757,1000000
SHA-512,40,6.5119,1627.98,25000.00,2.1722,2.8235,6513,0.6513,1000000
SHA-512,41,6.6220,1615.11,24390.24,2.1167,2.7401,6234,0.6234,1000000
SHA-512,42,6.8973,1642.22,23809.52,2.0463,2.6936,6473,0.6473,1000000
SHA-512,43,6.6864,1554.98,23255.81,2.0210,2.5898,5688,0.5688,1000000
SHA-512,44,7.2341,1644.11,22727.27,1.9195,2.5672,6477,0.6477,1000000
SHA-512,45,7.2719,1615.97,22222.22,1.8433,2.5053,6620,0.6620,1000000
SHA-512,46,7.3306,1593.60,21739.13,1.8112,2.4420,6308,0.6308,1000000
SHA-512,47,7.5391,1604.06,21276.60,1.7375,2.4269,6894,0.6894,1000000
SHA-512,48,7.4830,1558.95,20833.33,1.7033,2.4032,6999,0.6999,1000000
SHA-512,49,7.3459,1499.16,20408.16,1.6752,2.4009,7257,0.7257,1000000
SHA-512,50,7.3833,1476.65,20000.00,1.6556,2.3592,7036,0.7036,1000000
SHA-512,51,7.3262,1436.52,19607.84,1.6540,2.3353,6813,0.6813,1000000
SHA-512,52,7.2072,1386.00,19230.77,1.5947,2.2571,6624,0.6624,1000000
SHA-512,53,7.7520,1462.65,18867.92,1.5679,2.2980,7301,0.7301,1000000
SHA-512,54,7.4190,1373.90,18518.52,1.5015,2.2146,7131,0.7131,1000000
SHA-512,55,7.5948,1380.88,18181.82,1.4602,2.1721,7119,0.7119,1000000
SHA-512,56,7.5054,1340.25,17857.14,1.4602,2.1229,6627,0.6627,1000000
SHA-512,57,7.5986,1333.10,17543.86,1.4598,2.0736,6138,0.6138,1000000
SHA-512,58,7.7191,1330.88,17241.38,1.4365,2.0165,5800,0.5800,1000000
SHA-512,59,7.4507,1262.83,16949.15,1.4197,1.9801,5604,0.5604,1000000
SHA-512,60,7.4618,1243.63,16666.67,1.4017,1.9542,5525,0.5525,1000000
SHA-512,61,7.3975,1212.70,16393.44,1.3847,1.9318,5471,0.5471,1000000
SHA-512,62,7.2354,1167.00,16129.03,1.3597,1.9121,5524,0.5524,1000000
SHA-512,63,7.0323,1116.24,15873.02,1.3340,1.8872,5532,0.5532,1000000
SHA-512,64,6.9260,1082.19,15625.00,1.3198,1.8478,5280,0.5280,1000000
SHA-512,65,7.1804,1104.67,15384.62,1.2694,1.8163,5469,0.5469,1000000
SHA-512,66,7.3301,1110.62,15151.52,1.2552,1.7959,5407,0.5407,1000000
SHA-512,67,7.5588,1128.18,14925.37,1.2421,1.7846,5425,0.5425,1000000
SHA-512,68,7.6104,1119.18,14705.88,1.2288,1.7765,5477,0.5477,1000000
SHA-512,69,7.5722,1097.43,14492.75,1.2009,1.7639,5630,0.5630,1000000
SHA-512,70,7.3484,1049.77,14285.71,1.2009,1.7409,5400,0.5400,1000000
SHA-512,71,7.5487,1063.20,14084.51,1.1766,1.7223,5457,0.5457,1000000
SHA-512,72,7.3686,1023.42,13888.89,1.1416,1.6819,5403,0.5403,1000000
SHA-512,73,7.3875,1011.98,13698.63,1.1405,1.6517,5112,0.5112,1000000
SHA-512,74,7.4716,1009.68,13513.51,1.1360,1.6199,4839,0.4839,1000000
SHA-512,75,7.6101,1014.68,13333.33,1.1161,1.6108,4947,0.4947,1000000
SHA-512,76,7.5031,987.25,13157.89,1.1013,1.5669,4656,0.4656,1000000
SHA-512,77,7.4432,966.65,12987.01,1.0863,1.5369,4506,0.4506,1000000
SHA-512,78,7.3464,941.84,12820.51,1.0863,1.5164,4301,0.4301,1000000
SHA-512,79,7.2082,912.43,12658.23,1.0661,1.4851,4190,0.4190,1000000
SHA-512,80,7.3559,919.49,12500.00,1.0353,1.4806,4453,0.4453,1000000
SHA-512,81,7.2826,899.09,12345.68,1.0309,1.4405,4096,0.4096,1000000
SHA-512,82,7.3134,891.88,12195.12,1.0093,1.4282,4189,0.4189,1000000
SHA-512,83,7.1811,865.19,12048.19,1.0036,1.4172,4136,0.4136,1000000
SHA-512,84,7.1358,849.50,11904.76,1.0036,1.3979,3943,0.3943,1000000
SHA-512,85,7.0402,828.26,11764.71,0.9829,1.3818,3989,0.3989,1000000
SHA-512,86,6.7514,785.04,11627.91,0.9729,1.3573,3844,0.3844,1000000
SHA-512,87,7.0046,805.13,11494.25,0.9483,1.3573,4090,0.4090,1000000
SHA-512,88,7.4547,847.13,11363.64,0.9186,1.3573,4387,0.4387,1000000
SHA-512,89,7.5039,843.13,11235.96,0.9161,1.3532,4371,0.4371,1000000
SHA-512,90,7.4315,825.72,11111.11,0.9161,1.3241,4080,0.4080,1000000
SHA-512,91,7.5536,830.06,10989.01,0.9148,1.3143,3995,0.3995,1000000
SHA-512,92,7.3409,797.92,10869.57,0.9132,1.3079,3947,0.3947,1000000
SHA-512,93,7.1488,768.69,10752.69,0.9022,1.2859,3837,0.3837,1000000
SHA-512,94,7.0975,755.05,10638.30,0.8897,1.2825,3928,0.3928,1000000
SHA-512,95,6.8815,724.37,10526.32,0.8770,1.2672,3902,0.3902,1000000
SHA-512,96,7.0630,735.73,10416.67,0.8715,1.2672,3957,0.3957,1000000
SHA-512,97,6.9089,712.26,10309.28,0.8715,1.2214,3499,0.3499,1000000
SHA-512,98,6.9745,711.68,10204.08,0.8631,1.2092,3461,0.3461,1000000
SHA-512,99,7.1264,719.84,10101.01,0.8594,1.1948,3354,0.3354,1000000
SHA-512,100,7.1211,712.11,10000.00,0.8502,1.1790,3288,0.3288,1000000
SHA-512,101,6.9993,693.00,9900.99,0.8355,1.1759,3404,0.3404,1000000
SHA-512,102,7.0143,687.68,9803.92,0.8246,1.1675,3429,0.3429,1000000
SHA-512,103,6.9219,672.03,9708.74,0.8173,1.1573,3400,0.3400,1000000
SHA-512,104,6.9838,671.52,9615.38,0.8106,1.1573,3467,0.3467,1000000
SHA-512,105,6.8931,656.49,9523.81,0.8106,1.1454,3348,0.3348,1000000
SHA-512,106,6.7049,632.54,9433.96,0.8070,1.1103,3033,0.3033,1000000
SHA-512,107,6.6805,624.35,9345.79,0.8070,1.1089,3019,0.3019,1000000
SHA-512,108,6.6961,620.01,9259.26,0.8060,1.1015,2955,0.2955,1000000
SHA-512,109,6.7773,621.77,9174.31,0.8056,1.1015,2959,0.2959,1000000
SHA-512,110,6.7365,612.41,9090.91,0.7960,1.0890,2930,0.2930,1000000
SHA-512,111,6.7657,609.52,9009.01,0.7853,1.0890,3037,0.3037,1000000
SHA-512,112,6.6822,596.63,8928.57,0.7705,1.0721,3016,0.3016,1000000
SHA-512,113,6.8045,602.17,8849.56,0.7607,1.0539,2932,0.2932,1000000
SHA-512,114,6.7881,595.44,8771.93,0.7557,1.0476,2919,0.2919,1000000
SHA-512,115,6.8454,595.25,8695.65,0.7440,1.0476,3036,0.3036,1000000
SHA-512,116,6.7745,584.01,8620.69,0.7415,1.0448,3033,0.3033,1000000
SHA-512,117,6.7548,577.33,8547.01,0.7403,1.0448,3045,0.3045,1000000
SHA-512,118,6.5786,557.51,8474.58,0.7255,1.0225,2970,0.2970,1000000
SHA-512,119,6.4715,543.82,8403.36,0.7255,0.9918,2663,0.2663,1000000
SHA-512,120,6.4370,536.42,8333.33,0.7163,0.9918,2755,0.2755,1000000
SHA-512,121,6.4404,532.26,8264.46,0.7153,0.9814,2661,0.2661,1000000
SHA-512,122,6.5400,536.07,8196.72,0.7072,0.9813,2741,0.2741,1000000
SHA-512,123,6.5437,532.01,8130.08,0.6886,0.9773,2887,0.2887,1000000
SHA-512,124,6.7359,543.22,8064.52,0.6866,0.9624,2758,0.2758,1000000
SHA-512,125,6.7292,538.34,8000.00,0.6767,0.9514,2747,0.2747,1000000
SHA-512,126,6.9152,548.83,7936.51,0.6334,0.9411,3077,0.3077,1000000
SHA-512,127,6.9645,548.38,7874.02,0.6249,0.9395,3146,0.3146,1000000
SHA-512,128,6.9292,541.34,7812.50,0.6172,0.9307,3135,0.3135,1000000
SHA-512,129,6.9455,538.41,7751.94,0.6121,0.9301,3180,0.3180,1000000
SHA-512,130,6.9767,536.67,7692.31,0.6039,0.9260,3221,0.3221,1000000
SHA-512,131,7.0131,535.35,7633.59,0.5997,0.9210,3213,0.3213,1000000
SHA-512,132,6.9871,529.32,7575.76,0.5987,0.9042,3055,0.3055,1000000
SHA-512,133,7.0932,533.33,7518.80,0.5894,0.9042,3148,0.3148,1000000
SHA-512,134,7.0451,525.75,7462.69,0.5883,0.8975,3092,0.3092,1000000
SHA-512,135,7.0333,520.98,7407.41,0.5849,0.8968,3119,0.3119,1000000
SHA-512,136,6.9560,511.47,7352.94,0.5783,0.8798,3015,0.3015,1000000
SHA-512,137,7.0590,515.26,7299.27,0.5662,0.8683,3021,0.3021,1000000
SHA-512,138,7.1266,516.42,7246.38,0.5662,0.8637,2975,0.2975,1000000
SHA-512,139,7.0710,508.70,7194.24,0.5662,0.8637,2975,0.2975,1000000
SHA-512,140,7.1348,509.63,7142.86,0.5662,0.8617,2955,0.2955,1000000
SHA-512,141,7.1559,507.51,7092.20,0.5662,0.8598,2936,0.2936,1000000
SHA-512,142,7.1268,501.89,7042.25,0.5618,0.8592,2974,0.2974,1000000
SHA-512,143,7.1918,502.92,6993.01,0.5614,0.8441,2827,0.2827,1000000
SHA-512,144,7.3257,508.73,6944.44,0.5606,0.8441,2835,0.2835,1000000
SHA-512,145,7.2493,499.95,6896.55,0.5598,0.8331,2733,0.2733,1000000
SHA-512,146,7.4439,509.85,6849.32,0.5517,0.8290,2773,0.2773,1000000
SHA-512,147,7.5956,516.71,6802.72,0.5455,0.8290,2835,0.2835,1000000
SHA-512,148,7.5521,510.28,6756.76,0.5446,0.8267,2821,0.2821,1000000
SHA-512,149,7.5470,506.51,6711.41,0.5395,0.8076,2681,0.2681,1000000
SHA-512,150,7.6059,507.06,6666.67,0.5395,0.8059,2664,0.2664,1000000
SHA-512,151,7.7159,510.99,6622.52,0.5395,0.7886,2491,0.2491,1000000
SHA-512,152,7.7430,509.41,6578.95,0.5322,0.7776,2454,0.2454,1000000
SHA-512,153,7.6570,500.46,6535.95,0.5307,0.7721,2414,0.2414,1000000
SHA-512,154,7.6490,496.69,6493.51,0.5307,0.7721,2414,0.2414,1000000
SHA-512,155,7.5333,486.02,6451.61,0.5282,0.7606,2324,0.2324,1000000
SHA-512,156,7.3655,472.14,6410.26,0.5250,0.7503,2253,0.2253,1000000
SHA-512,157,7.2495,461.75,6369.43,0.5221,0.7497,2276,0.2276,1000000
SHA-512,158,7.2550,459.18,6329.11,0.5221,0.7379,2158,0.2158,1000000
SHA-512,159,7.2851,458.18,6289.31,0.5213,0.7370,2157,0.2157,1000000
SHA-512,160,7.3004,456.28,6250.00,0.5021,0.7319,2298,0.2298,1000000
SHA-512,161,7.1520,444.22,6211.18,0.5021,0.7236,2215,0.2215,1000000
SHA-512,162,7.1497,441.34,6172.84,0.5004,0.7213,2209,0.2209,1000000
SHA-512,163,7.2903,447.26,6134.97,0.4945,0.7187,2242,0.2242,1000000
SHA-512,164,7.2907,444.55,6097.56,0.4940,0.7138,2198,0.2198,1000000
SHA-512,165,7.3025,442.58,6060.61,0.4872,0.7101,2229,0.2229,1000000
SHA-512,166,7.2562,437.12,6024.10,0.4872,0.7006,2134,0.2134,1000000
SHA-512,167,7.1965,430.93,5988.02,0.4859,0.6904,2045,0.2045,1000000
SHA-512,168,7.1727,426.95,5952.38,0.4824,0.6896,2072,0.2072,1000000
SHA-512,169,7.1563,423.45,5917.16,0.4754,0.6896,2142,0.2142,1000000
SHA-512,170,7.1610,421.24,5882.35,0.4728,0.6893,2165,0.2165,1000000
SHA-512,171,7.1190,416.32,5847.95,0.4685,0.6892,2207,0.2207,1000000
SHA-512,172,7.1477,415.56,5813.95,0.4685,0.6892,2207,0.2207,1000000
SHA-512,173,7.0936,410.03,5780.35,0.4671,0.6846,2175,0.2175,1000000
SHA-512,174,6.9222,397.83,5747.13,0.4659,0.6769,2110,0.2110,1000000
SHA-512,175,6.9109,394.91,5714.29,0.4650,0.6744,2094,0.2094,1000000
SHA-512,176,6.7616,384.18,5681.82,0.4643,0.6716,2073,0.2073,1000000
SHA-512,177,6.8460,386.78,5649.72,0.4643,0.6716,2073,0.2073,1000000
SHA-512,178,6.8039,382.24,5617.98,0.4642,0.6528,1886,0.1886,1000000
SHA-512,179,6.8885,384.83,5586.59,0.4627,0.6528,1901,0.1901,1000000
SHA-512,180,6.8832,382.40,5555.56,0.4615,0.6440,1825,0.1825,1000000
SHA-512,181,6.9034,381.40,5524.86,0.4600,0.6415,1815,0.1815,1000000
SHA-512,182,6.8699,377.47,5494.51,0.4562,0.6410,1848,0.1848,1000000
SHA-512,183,6.9808,381.46,5464.48,0.4551,0.6410,1859,0.1859,1000000
SHA-512,184,7.0039,380.65,5434.78,0.4491,0.6343,1852,0.1852,1000000
SHA-512,185,7.0107,378.96,5405.41,0.4491,0.6339,1848,0.1848,1000000
SHA-512,186,7.0080,376.77,5376.34,0.4491,0.6315,1824,0.1824,1000000
SHA-512,187,6.9384,371.04,5347.59,0.4483,0.6315,1832,0.1832,1000000
SHA-512,188,6.9220,368.19,5319.15,0.4456,0.6297,1841,0.1841,1000000
SHA-512,189,6.9423,367.32,5291.01,0.4432,0.6236,1804,0.1804,1000000
SHA-512,190,6.9334,364.92,5263.16,0.4384,0.6234,1850,0.1850,1000000
SHA-512,191,6.9456,363.65,5235.60,0.4348,0.6181,1833,0.1833,1000000
SHA-512,192,6.8356,356.02,5208.33,0.4279,0.6174,1895,0.1895,1000000
SHA-512,193,6.8485,354.84,5181.35,0.4279,0.6174,1895,0.1895,1000000
SHA-512,194,6.8167,351.38,5154.64,0.4269,0.6119,1850,0.1850,1000000
SHA-512,195,6.8050,348.97,5128.21,0.4215,0.6070,1855,0.1855,1000000
SHA-512,196,6.7362,343.69,5102.04,0.4215,0.5999,1784,0.1784,1000000
SHA-512,197,6.7615,343.22,5076.14,0.4199,0.5980,1781,0.1781,1000000
SHA-512,198,6.7771,342.28,5050.51,0.4105,0.5950,1845,0.1845,1000000
SHA-512,199,6.6233,332.83,5025.13,0.4105,0.5801,1696,0.1696,1000000
SHA-512,200,7.5832,329.16,5000.00,0.4105,0.5801,1696,0.1696,1000000
